{
  "Aston Martin": {
    "DB AR1": [
      ""
    ],
    "DB-7 GT": [
      "DB-7 GT",
      "DB-7 GT Volante",
      "DB-7",
      "DB-7 Zagato",
      "DB-7 V12"
    ],
    "DB-7 Vantage": [
      "DB-7",
      "DB-7 Volante",
      "DB-7 GT",
      "DB-7 Zagato",
      "DB-7 GT3."
    ],
    "DB11": [
      "DB11 V12",
      "DB11 V8",
      "DB11 AMR",
      "DB11 Volante"
    ],
    "DB12 V8": [],
    "DB7": [
      "DB7",
      "DB7 Volante",
      "DB7 GT",
      "DB7 Zagato"
    ],
    "DB9": [
      "DB9",
      "DB9 Manual",
      "DB9 Volante",
      "DB9 GT",
      "DB9 GT Volante",
      "DB9 Carbon Edition",
      "DB9 Carbon Black"
    ],
    "DBS": [
      "DBS",
      "Volante",
      "Superleggera"
    ],
    "DBX 707": [],
    "DBX V8": [
      "DBX V8",
      "DBX V6"
    ],
    "Lagonda": [
      "Rapide",
      "DB11",
      "DBS Superleggera"
    ],
    "Rapide": [
      "Rapide",
      "Rapide S",
      "AMR",
      "Shadow Edition",
      "AMR Carbon Edition"
    ],
    "Saloon/Vantage/Volante": [
      "Saloon/Vantage/Volante",
      "DB11",
      "DBS Superleggera",
      "DBX"
    ],
    "Saloon/vantage/volante": [
      "Saloon/vantage/volante",
      "DB11",
      "DBS Superleggera",
      "DBX"
    ],
    "Valour": [],
    "Vanquish": [
      "V12",
      "V12 S",
      "",
      "S",
      "S Zagato",
      "Volante",
      "AMR"
    ],
    "Vantage": [
      "V12",
      "V12 S",
      "V8",
      "V8 ASM",
      "V8 S",
      "",
      "GT",
      "Manual",
      "AMR",
      "F1 Edition"
    ],
    "Vantage Manual": [
      "Manual",
      "AMR",
      "F1 Edition"
    ],
    "Virage": [
      "Virage",
      "Volante",
      ""
    ],
    "Virage/Volante": [
      "Virage/Volante",
      "1. 2. DB9 3. DBS 4. 5. Rapide"
    ]
  }
}