{
  "Audi": {
    "100": [
      "100",
      "RS6"
    ],
    "200": [
      "Turbo"
    ],
    "4000": [],
    "5000": [],
    "80/90": [
      "80",
      "80/90",
      "90",
      "90 20v",
      "S2",
      "RS2",
      ""
    ],
    "A3": [
      "A3",
      "A3 e-tron",
      "A3 e-tron ultra",
      "Some other popular variants of the Audi A3 that are commonly available in the Cypriot market and/or the British market and are missing from the list include: A3",
      "A3 g-tron."
    ],
    "A4": [
      "A4",
      "A4 Avant",
      "A4 S line",
      "A4 S-Line",
      "A4 Ultra",
      "A4 allroad",
      "A4 Black Edition",
      "A4 Sport",
      "A4 Technik"
    ],
    "A5": [
      "A5",
      "A5 S line",
      "A5 S-Line"
    ],
    "A6": [
      "A6",
      "A6 Allroad",
      "A6 Avant",
      "S6",
      "RS6"
    ],
    "A7": [
      "A7",
      "A7 TFSI e",
      "S7",
      "RS7"
    ],
    "A8": [
      "A8",
      "A8 L",
      "S8",
      "S8 L"
    ],
    "Allroad": [
      "Allroad",
      "allroad",
      "A4 Allroad",
      "A6 Allroad",
      "A3 Allroad"
    ],
    "Cabriolet": [
      "",
      "S Line"
    ],
    "Coupe GT": [
      ""
    ],
    "Coupe quattro": [
      "S2",
      "RS2",
      "RS4",
      "RS5"
    ],
    "Q3": [
      "Q3",
      "Q3 S line",
      "Q3 S-Line",
      "Q3 S-line",
      "Q3 Sport",
      "Q3 Black Edition",
      "Q3 Vorsprung"
    ],
    "Q4 e-tron": [
      "Q4 40 e-tron",
      "Q4 50 e-tron",
      "Q4 55 e-tron",
      "Q4 e-tron",
      "Q4 45 e-tron"
    ],
    "Q5": [
      "Q5",
      "Q5 Hybrid",
      "Q5 S line",
      "Q5 S-Line",
      "Q5 S-line",
      "Q5 TFSI e",
      "Q5 Black Edition",
      "Q5 Vorsprung"
    ],
    "Q7": [
      "Q7",
      "S line",
      "Black Edition",
      "Vorsprung"
    ],
    "Q8": [
      "Q8",
      "SQ8",
      "RSQ8"
    ],
    "Q8 e-tron": [],
    "Quattro": [
      "",
      "S3",
      "RS3",
      "RS4",
      "RS5",
      "RS6",
      "RS7",
      "SQ5"
    ],
    "R8": [
      "R8",
      "R8 Spyder",
      "R8 V10",
      "R8 V10 Plus",
      "R8 V10 Performance"
    ],
    "R8 Spyder": [
      "R8 Spyder",
      "V10",
      "V10 Plus"
    ],
    "RS": [
      "RS 3",
      "RS 5",
      "RS 6 Avant",
      "RS 7",
      "RS3",
      "RS Q3",
      "RS4 Avant",
      "RS Q8"
    ],
    "RS 3": [
      "RS 3",
      "",
      "Saloon"
    ],
    "RS 4": [
      "RS4",
      "Avant"
    ],
    "RS 5": [
      "RS 5",
      "",
      "Black Edition",
      "Sport Edition"
    ],
    "RS 6": [
      "RS6",
      "Avant"
    ],
    "RS 7": [
      "RS 7",
      "Performance",
      "",
      "Black Edition"
    ],
    "RS Q8": [
      "RS Q8",
      "S line",
      "Vorsprung",
      "Black Edition"
    ],
    "RS e-tron GT": [
      "RS e-tron GT",
      "1. Audi e-tron GT 2. Audi e-tron GT"
    ],
    "S3": [
      "S3",
      "RS3",
      "S3 Saloon"
    ],
    "S4": [
      "S4",
      "S4 Avant",
      "S4 Saloon"
    ],
    "S5": [
      "S5",
      "RS5"
    ],
    "S6": [
      "S6",
      "S6 Avant",
      "S6 Saloon"
    ],
    "S7": [
      "S7",
      "RS7"
    ],
    "S8": [
      "S8",
      "S8 Plus"
    ],
    "SQ5": [
      "SQ5",
      "SQ5 TDI",
      "SQ5 TFSI"
    ],
    "SQ7": [
      "SQ7",
      "SQ7 TDI"
    ],
    "SQ8": [
      "SQ8",
      "RSQ8",
      "Vorsprung",
      "Black Edition"
    ],
    "SQ8 e-tron": [
      "SQ8 e-tron (20 inch wheels)",
      "SQ8 e-tron (21/22 inch wheels)"
    ],
    "TT": [
      "TT",
      "TT RS",
      "TT S"
    ],
    "TT Coupe": [
      "TT",
      "TT RS",
      "TT S Line",
      "TT Black Edition",
      "TT Competition"
    ],
    "TT RS": [
      "TT RS",
      "TT RS Plus",
      "TT RS Black Edition"
    ],
    "TT Roadster": [
      "TT",
      "TTS",
      "TT RS"
    ],
    "TTS": [
      "TTS"
    ],
    "TTS Coupe": [
      "TTS",
      "TTS Black Edition",
      "TTS S line",
      "TTS Competition"
    ],
    "V8": [],
    "e-tron": [
      "e-tron",
      "e-tron S",
      "e-tron GT"
    ],
    "e-tron GT": [
      "e-tron GT",
      "S line",
      "RS e-tron GT",
      "Vorsprung"
    ],
    "e-tron S": [
      "e-tron S (20 inch wheels)",
      "e-tron S (20in wheels)",
      "e-tron S (21/22 inch wheels)",
      "e-tron S (21 inch wheels)"
    ]
  }
}