{
  "BMW": {
    "1 Series": [
      "128ci",
      "128i",
      "135i",
      "116i",
      "116d",
      "118i",
      "118d",
      "120i",
      "120d"
    ],
    "2 Series": [
      "228i",
      "230i",
      "M235i",
      "M240i",
      "220d"
    ],
    "3 Series": [
      "3 Series",
      "318i",
      "318i/318iS",
      "318i/318is",
      "318is",
      "318ti",
      "320i",
      "323ci",
      "323i",
      "323is",
      "325ci",
      "325i",
      "325i Sport",
      "325i/325iS",
      "325i/325is",
      "325ic",
      "325is",
      "325ix",
      "325xi",
      "325xi Sport",
      "328ci",
      "328cxi",
      "328d",
      "328d Sports",
      "328i",
      "328i Sport",
      "328i Sports",
      "328i Gran Turismo",
      "328i/328is",
      "328ic",
      "328is",
      "328xi",
      "328xi Sport",
      "330ci",
      "330e",
      "330i",
      "330i Sports",
      "330xi",
      "335ci",
      "335cxi",
      "335d",
      "335i",
      "335i Gran Turismo",
      "335is",
      "335xi",
      "340i",
      "340i Gran Turismo",
      "M340i",
      "320d",
      "330d",
      "M3."
    ],
    "4 Series": [
      "428i",
      "430i",
      "435i",
      "440i",
      "M440i",
      "Some popular variants that are commonly available in the Cypriot market and/or the British market and are missing from this list are: 420i",
      "420i",
      "420i ."
    ],
    "5 Series": [
      "5 Series",
      "525i",
      "525i Sport",
      "525xi",
      "528i",
      "528i Sport",
      "528xi",
      "530e",
      "530i",
      "530xi",
      "535d",
      "535i",
      "535i Gran Turismo",
      "535i Sport",
      "535xi",
      "540d",
      "540i",
      "540i Sport",
      "545i",
      "550 GT",
      "550i",
      "550i Gran Turismo",
      "M550i",
      "520d",
      "520i",
      "523i",
      "525d",
      "528d",
      "530d",
      "535d GT"
    ],
    "6 Series": [
      "6 Series",
      "635csi",
      "640i",
      "640i Gran Turismo",
      "645ci",
      "650ci",
      "650i",
      "Alpina B6",
      "630i",
      "630i Gran Turismo",
      "635d",
      "640d",
      "640d Gran Turismo",
      "650d ."
    ],
    "7 Series": [
      "7 Series",
      "735i",
      "735i Luxury",
      "735il",
      "740Ld",
      "740Li",
      "740e",
      "740i",
      "740i/740i Sport",
      "740il",
      "740il/740il Protection",
      "745e",
      "745i",
      "745li",
      "750 Series",
      "750Li",
      "750i",
      "750il",
      "750il/750il Protection",
      "750li",
      "760Li",
      "760i",
      "760li",
      "Alpina B7",
      "Alpina B7 LWB",
      "Alpina B7 SWB",
      "M760i",
      "730i",
      "730Li",
      "735Li",
      "745Li",
      "750Li/750Li Protection"
    ],
    "8 Series": [
      "840ci",
      "840i",
      "850ci",
      "850i",
      "Alpina B8",
      "M850i",
      "830i"
    ],
    "Active E": [],
    "ActiveHybrid X6": [],
    "M": [
      "M",
      "M2",
      "M2 CS",
      "M2 Competition",
      "M235i",
      "M240i",
      "M240i M Performance",
      "M3",
      "M3 CS",
      "M3 Competition",
      "M3 Competition M",
      "M340i",
      "M4 CS",
      "M4 Competition",
      "M4 Competition M",
      "M4",
      "M4 GTS",
      "M440i",
      "M5",
      "M5 CS",
      "M5 Competition",
      "M550i",
      "M6",
      "M760i",
      "M8 Competition",
      "M8",
      "M850i",
      "X5 M",
      "X6 M",
      "M135i",
      "M140i",
      "X3 M",
      "X4 M",
      "X7 M50i"
    ],
    "X1": [
      "X1 M35i",
      "X1 sDrive28i",
      "X1",
      "X1 sDrive20i",
      "X1 sDrive18i"
    ],
    "X2": [
      "X2 M35i",
      "X2 sDrive28i",
      "X2",
      "X2 sDrive18i"
    ],
    "X3": [
      "X3",
      "X3 3.0i",
      "X3 3.0si",
      "X3 M",
      "X3 M Competition",
      "X3 M40i",
      "X3 sDrive 28i",
      "X3 sDrive28i",
      "X3 sDrive30i"
    ],
    "X4": [
      "X4 M",
      "X4 M Competition",
      "X4 M40i",
      "X4"
    ],
    "X5": [
      "X5",
      "X5 3.0si",
      "X5 4.8i",
      "X5 4.8is",
      "X5 M",
      "X5 M Competition",
      "X5 M50i",
      "X5 M60i",
      "X5 sDrive35i",
      "X5 sDrive40i",
      "X5 35d"
    ],
    "X6": [
      "X6 M",
      "X6 M Competition",
      "X6 M50i",
      "X6 M60i",
      "X6 sDrive35i",
      "X6 sDrive40i",
      "X6",
      "X6 M50d"
    ],
    "X7": [
      "Alpina XB7",
      "X7 M50i",
      "X7 M60i",
      "X7"
    ],
    "XM": [
      "XM"
    ],
    "Z3": [
      "Z3",
      "Z3 M"
    ],
    "Z4": [
      "Z4 3.0i",
      "Z4 3.0si",
      "Z4 M40i",
      "Z4",
      "Z4 sDrive28i",
      "Z4 sDrive30i",
      "Z4 sDrive35i",
      "Z4 sDrive35is",
      "Z4 sDrive20i",
      "Z4 sDrive25i",
      "Z4 sDrive28is",
      "Z4 sDrive30is"
    ],
    "Z8": [
      "Z8",
      "Alpina V8"
    ],
    "i3": [
      "i3",
      "i3 (94Ah)",
      "i3 (94Ah) with Range Extender",
      "i3 BEV",
      "i3 BEV (60 Amp-hour battery)",
      "i3 BEV (94 Amp-hour battery)",
      "i3 REX",
      "i3 REX (94 Amp-hour battery)",
      "i3 with Range Extender",
      "i3s",
      "i3s (94Ah)",
      "i3s (94Ah) with Range Extender",
      "i3s with Range Extender",
      "i3s BEV",
      "i3s BEV (60 Amp-hour battery)",
      "i3s BEV (94 Amp-hour battery)"
    ],
    "i4": [
      "i4 M50 (19 inch wheels)",
      "i4 M50 (20 inch wheels)",
      "i4 eDrive40 (18 inch wheels)",
      "i4 eDrive40 (19 inch Wheels)",
      "i4 eDrive40 (19 inch wheels)"
    ],
    "i5": [],
    "i7": [],
    "i8": [
      "I8",
      "i8",
      "I8 Ultimate Sophisto."
    ],
    "iX": [
      "iX (21 inch Wheels)",
      "iX (22 inch Wheels)",
      "iX (20 inch wheels)",
      "iX (21 inch wheels)",
      "iX (19 inch Wheels)"
    ]
  }
}