{
  "Infiniti": {
    "EX35": [
      "EX35",
      "EX35 GT"
    ],
    "EX37": [
      "EX30d",
      "EX35"
    ],
    "FX35": [
      "FX35 2WD",
      "FX35",
      "FX35 Sport",
      "FX35 Limited Edition"
    ],
    "FX37": [
      "FX37S"
    ],
    "FX45": [
      "FX45 Limited Edition"
    ],
    "FX50": [
      "FX50",
      "FX37",
      "FX35",
      "FX30d"
    ],
    "G20": [
      "G20",
      "Q45",
      "M30",
      "I30"
    ],
    "G25": [
      "Q50",
      "Q60",
      "QX50",
      "QX60",
      "QX70",
      "QX80"
    ],
    "G35": [
      "G35",
      "G35x",
      "G35 Sport",
      "G35 Journey",
      "G35S",
      "G35xS"
    ],
    "G37": [
      "G37",
      "G37x",
      "Q50",
      "Q60",
      "Q70",
      "QX50",
      "QX70"
    ],
    "I30": [
      "I30"
    ],
    "I35": [
      "I35",
      "- I35 Sport - I35 Luxury - I35 Executive"
    ],
    "J30": [],
    "JX35": [
      "JX35",
      "QX60"
    ],
    "M30": [],
    "M35": [
      "M35",
      "M35h",
      "M35x",
      "M37",
      "M45",
      "M56"
    ],
    "M37": [
      "M37",
      "M37x",
      "M56",
      "M56x",
      "M35h",
      "M30d"
    ],
    "M45": [
      "M45x"
    ],
    "M56": [
      "M56x",
      "M37",
      "M37x"
    ],
    "Q40": [],
    "Q45": [],
    "Q50": [
      "Q50",
      "Q50 Hybrid",
      "Q50 Red Sport",
      "Q50S",
      "Q50S Hybrid",
      "Q50S Red Sport",
      "Q50a",
      "Q50 Premium",
      "Q50 Sport",
      "Q50 Sport Hybrid"
    ],
    "Q60": [
      "Q60",
      "Q60 Red Sport",
      "Q60S Red Sport",
      "Q60 Sport"
    ],
    "Q70": [
      "Q70",
      "Q70 Hybrid",
      "Q70L"
    ],
    "QX30": [
      "QX30",
      "QX30 Sport",
      "QX30 Premium"
    ],
    "QX4": [],
    "QX50": [
      "QX50",
      "QX50 Essential",
      "QX50 Sensory",
      "QX50 Autograph"
    ],
    "QX55": [],
    "QX56": [
      "QX56"
    ],
    "QX60": [
      "QX60",
      "QX60 Sensory"
    ],
    "QX70": [
      "QX70 Premium"
    ],
    "QX80": [
      "QX80 2WD",
      "QX80",
      "QX80 (over 6000 lbs curb weight)",
      "QX80 Limited",
      "QX80 Sensory"
    ]
  }
}