{
  "KIA": {
    "Amanti": [],
    "Borrego": [],
    "Cadenza": [
      "Cadenza",
      "1. Cadenza Premium 2. Cadenza Technology 3. Cadenza Limited 4. Cadenza GT-Line 5. Cadenza EX"
    ],
    "Carnival": [
      "Carnival",
      "1. Carnival LX 2. Carnival EX 3. Carnival SX 4. Carnival SXL"
    ],
    "EV6": [
      "EV6 (Long Range)",
      "EV6 GT",
      "EV6 Long Range (19 inch Wheels)",
      "EV6 Long Range (19 inch tires)",
      "EV6 Long Range (20 inch Wheels)",
      "EV6 Long Range (20 inch tires)",
      "EV6 Long Range",
      "EV6 (Standard Range)",
      "EV6 Standard Range",
      "EV6 GT-Line"
    ],
    "EV9": [],
    "Forte": [
      "Forte",
      "Forte 5",
      "Forte Eco",
      "Forte FE",
      "GT Line",
      "GT",
      "EX",
      "LXS"
    ],
    "K5": [
      "K5",
      "GT-Line",
      "GT-Line S",
      "EX",
      "LXS"
    ],
    "K900": [
      "K900"
    ],
    "Niro": [
      "Niro",
      "Niro Electric",
      "Niro FE",
      "Niro Plug-in Hybrid",
      "Niro EX",
      "Niro LXS",
      "Niro S"
    ],
    "Optima": [
      "Optima",
      "Optima (2006 New Model)",
      "Optima FE",
      "Optima Hybrid",
      "Optima Plug-in Hybrid",
      "Optima S",
      "Optima GT",
      "Optima SW",
      "Optima PHEV."
    ],
    "Rio": [
      "Rio",
      "Rio Eco",
      "GT Line",
      "X-Line",
      "L",
      "S",
      "SE",
      "GT-Line S",
      "GT-Line S Eco",
      "GT-Line S Connect",
      "GT-Line S Navigation",
      "3",
      "2",
      "1."
    ],
    "Rondo": [
      "Rondo"
    ],
    "Sedona": [
      "Sedona",
      "Sedona SX",
      "Sedona SXL",
      "LX",
      "EX",
      "L",
      "S"
    ],
    "Seltos": [
      "Seltos",
      "Seltos GT Line"
    ],
    "Sephia": [],
    "Sephia/Spectra": [
      "Sephia/Spectra"
    ],
    "Sorento": [
      "Sorento 2WD",
      "Sorento",
      "Sorento FE",
      "Sorento Hybrid",
      "Sorento Plug-in Hybrid",
      "Sorento GT-Line",
      "Sorento X-Line."
    ],
    "Soul": [
      "Soul",
      "Soul ECO dynamics",
      "Soul Eco",
      "Soul Eco dynamics",
      "Soul Electric",
      "GT Line",
      "X-Line",
      "Turbo",
      "EV",
      "GT-Line S",
      "GT-Line Turbo."
    ],
    "Spectra": [
      "Spectra"
    ],
    "Sportage": [
      "Sportage 2WD",
      "Sportage",
      "Sportage FE",
      "Sportage Hybrid",
      "Sportage Plug-in Hybrid",
      "Sportage SX",
      "Sportage GT Line",
      "Sportage GT Line S",
      "Sportage Xceed",
      "Sportage JBL Edition."
    ],
    "Stinger": [
      "Stinger",
      "Stinger GT",
      "Stinger GT-Line"
    ],
    "Telluride": [
      "Telluride",
      "Telluride SX",
      "Telluride EX",
      "Telluride S"
    ]
  }
}