{
  "Land Rover": {
    "Defender": [
      "Defender 110",
      "Defender 110 MHEV",
      "Defender 130 P300 MHEV",
      "Defender 130 P400 MHEV",
      "Defender 90",
      "Defender 90 MHEV",
      "Defender 90 P300 MHEV",
      "Defender 90 P400 MHEV"
    ],
    "Discovery": [
      "Discovery",
      "Discovery MHEV",
      "Discovery Series II",
      "Discovery Sport",
      "Discovery Sport (286 Hp)",
      "Discovery Sport MHEV",
      "Discovery Sport Si4",
      "Discovery Commercial",
      "Discovery HSE",
      "Discovery HSE Luxury",
      "Discovery Landmark",
      "Discovery R-Dynamic",
      "Discovery SE",
      "Discovery SE Commercial",
      "Discovery S."
    ],
    "Discovery Sport": [
      "Discovery Sport",
      "SE",
      "HSE",
      "R-Dynamic S",
      "R-Dynamic SE",
      "R-Dynamic HSE"
    ],
    "Evoque": [
      "Evoque",
      "Evoque MHEV",
      "SE",
      "SE Tech",
      "HSE",
      "HSE Dynamic",
      "Autobiography"
    ],
    "Freelander": [
      "Freelander",
      "Freelander 5 Door",
      "Freelander Sport",
      "Freelander SE",
      "Freelander HSE"
    ],
    "LR2": [
      "LR2",
      "HSE",
      "SE",
      "Dynamic",
      "Pure",
      "Lux"
    ],
    "LR3": [
      "LR3",
      "LR3 HSE",
      "LR3 SE",
      "LR3 SE7"
    ],
    "LR4": [
      "LR4",
      "HSE",
      "HSE Luxury",
      "Landmark Edition",
      "Graphite Edition",
      "Landmark SE",
      "HSE Black Pack"
    ],
    "Range Rover": [
      "New Range Rover",
      "New Range Rover LWB",
      "New Range Rover P360 LWB MHEV",
      "New Range Rover P360 MHEV",
      "New Range Rover P400 LWB MHEV",
      "New Range Rover P400 MHEV",
      "New Range Rover P440 PHEV",
      "New Range Rover Sport",
      "New Range Rover Sport P360 MHEV",
      "New Range Rover Sport P400 MHEV",
      "New Range Rover Sport P440 PHEV",
      "Range Rover",
      "Range Rover County",
      "Range Rover County Classic",
      "Range Rover County LWB",
      "Range Rover Evoque",
      "Range Rover Evoque (286 Hp)",
      "Range Rover Evoque 237HP",
      "Range Rover Evoque 286HP",
      "Range Rover Evoque MHEV",
      "Range Rover L FFV",
      "Range Rover LWB",
      "Range Rover LWB MHEV",
      "Range Rover LWB SVA",
      "Range Rover MHEV",
      "Range Rover P360 LWB MHEV",
      "Range Rover P360 MHEV",
      "Range Rover P400 LWB MHEV",
      "Range Rover P400 MHEV",
      "Range Rover PHEV",
      "Range Rover SV LWB MHEV",
      "Range Rover SV MHEV",
      "Range Rover SVA",
      "Range Rover Sport",
      "Range Rover Sport MHEV",
      "Range Rover Sport P360 MHEV",
      "Range Rover Sport P400 MHEV",
      "Range Rover Sport PHEV",
      "Range Rover Sport SVR",
      "Range Rover Sport SVR MHEV",
      "Range Rover Sport TDV6",
      "Range Rover TDV6",
      "Range Rover Velar",
      "Range Rover Velar P300",
      "Range Rover Velar P340 MHEV",
      "Range Rover Velar P380",
      "Range Rover Velar P400 MHEV",
      "Range Rover Sport HSE",
      "Range Rover Vogue",
      "Range Rover Autobiography",
      "Range Rover SVAutobiography",
      "Range Rover Sport HSE Dynamic",
      "Range Rover Velar R-Dynamic",
      "Range Rover Evoque R-Dynamic"
    ]
  }
}