{
  "Mazda": {
    "2": [
      "2",
      "Sport",
      "GT-Line",
      "Skyactiv-X",
      "GT Sport"
    ],
    "3": [
      "3",
      "3 4-Door",
      "3 4-Door 2WD",
      "3 5-Door",
      "3 5-Door 2WD",
      "3 DI 4-Door",
      "3 DI 5-Door",
      "3 Sport",
      "3 MPS",
      "3 Skyactiv-X"
    ],
    "323": [
      "323",
      "323F",
      "323S",
      "323C",
      "323P"
    ],
    "323 Protege": [
      "323/323 Protege",
      "323 Protege Sport",
      "323 Protege GT"
    ],
    "5": [
      "5",
      "Sport"
    ],
    "6": [
      "6",
      "6 Saloon",
      "6 Tourer",
      "6 Signature"
    ],
    "626": [],
    "626/MX-6": [
      "626/MX-6",
      "1. Mazda 626 Estate 2. Mazda MX-6 GT Turbo 3. Mazda 626 LX 4. Mazda MX-6 RS Turbo"
    ],
    "929": [],
    "B Pickup": [
      "B2200/B2600i",
      "B2300/B3000/B4000 Pickup 2WD",
      "B2500",
      "B2500 2WD",
      "B2500/B3000/B4000 2WD",
      "B3000 2WD"
    ],
    "CX-3": [
      "CX-3 2WD",
      "CX-3",
      "CX-3 Sport",
      "CX-3 Grand"
    ],
    "CX-30": [
      "CX-30 2WD",
      "CX-30",
      "CX-30 SE-L",
      "CX-30 Sport",
      "CX-30 GT-Line",
      "CX-30 GT-Line Tech"
    ],
    "CX-5": [
      "CX-5 2WD",
      "CX-5",
      "CX-5 GT",
      "CX-5 Signature"
    ],
    "CX-50": [],
    "CX-7": [],
    "CX-9": [
      "CX-9 2WD",
      "CX-9",
      "Grand",
      "Signature"
    ],
    "CX-90": [],
    "GLC": [],
    "MPV": [
      "MPV",
      "LX",
      "ES"
    ],
    "MX-3": [],
    "MX-30": [
      "MX-30"
    ],
    "MX-5": [
      "MX-5",
      "RF",
      "SE-L Nav",
      "Sport Nav"
    ],
    "MX-5 Miata": [
      "MX-5 Miata",
      "MX-5 Miata RF",
      "MX-5 Miata Club",
      "MX-5 Miata Grand"
    ],
    "MX-6": [],
    "Millenia": [
      "S"
    ],
    "Navajo": [],
    "Protege": [
      "Protege",
      "Protege5",
      "Protege LX",
      "Protege ES"
    ],
    "Protege/Protege 5": [
      "Protege/Protege 5",
      "Some other popular variants of the Mazda Protege/Protege 5 that are commonly available in the Cypriot market and/or the British market and are missing from the list include: - Mazda 323 - Mazda Familia - Mazda Allegro - Mazda Etude"
    ],
    "Protege/Protege MPS": [
      "Protege/Protege MPS",
      "1. Mazda 323 2. Mazda 626 3. Mazda 3 4. Mazda 6"
    ],
    "RX-7": [
      "RX-7"
    ],
    "RX-8": [
      "RX-8",
      "R3",
      "Evolve"
    ],
    "Speed 3": [
      "Speed 3",
      "Mazda 3 MPS",
      "Mazda 3 MPS Aero Kit"
    ],
    "Tribute": [
      "Tribute 2WD",
      "Tribute"
    ]
  }
}