{
  "McLaren": {
    "540C Coupe": [
      "540C",
      "570S",
      "600LT",
      "720S"
    ],
    "570GT": [
      "570GT",
      "570S",
      "570S Spider",
      "570S GT4",
      "570S Sprint"
    ],
    "570S Coupe": [
      "570S",
      "Spider",
      "GT",
      "Track Pack"
    ],
    "570S Spider": [
      "570S Spider",
      "570GT",
      "600LT",
      "620R",
      "675LT",
      "720S",
      "GT"
    ],
    "600LT Coupe": [
      "600LT",
      "Spider",
      "GT"
    ],
    "600LT Spider": [
      "600LT Spider",
      "570S Spider",
      "570GT Spider",
      "540C Spider",
      "650S Spider",
      "675LT Spider"
    ],
    "620R Coupe": [
      "620R",
      "570GT",
      "600LT",
      "720S"
    ],
    "650S Can-Am": [],
    "650S Coupe": [
      "650S",
      "Spider",
      "Longtail",
      "Le Mans Edition"
    ],
    "650S Spider": [
      "650S Spider",
      "675LT Spider"
    ],
    "675LT Coupe": [
      "675LT",
      "675LT Spider",
      "675LT Carbon Series",
      "675LT MSO R"
    ],
    "675LT Spider": [
      "675LT Spider",
      "675LT"
    ],
    "720S Coupe": [
      "720S",
      "720S Track Pack",
      "720S Performance"
    ],
    "720S Spider": [
      "720S Spider",
      "720S Spider Luxury",
      "720S Spider Track Pack",
      "720S Spider Performance"
    ],
    "765LT Coupe": [
      "765LT",
      "Spider"
    ],
    "765LT Spider": [
      "570S Spider",
      "600LT Spider"
    ],
    "Artura": [
      "Artura",
      "570S",
      "720S",
      "GT"
    ],
    "Elva": [
      "Elva",
      "720S"
    ],
    "GT": [
      "GT",
      "570GT",
      "600LT",
      "650S",
      "675LT",
      "720S",
      "765LT"
    ],
    "MP4-12C Coupe": [
      "MP4-12C",
      "Spider",
      "650S",
      "675LT",
      "570S",
      "720S"
    ],
    "MP4-12C Spider": [
      "MP4-12C Spider",
      "570S Spider",
      "650S Spider",
      "675LT Spider",
      "720S Spider"
    ],
    "MSO HS": [],
    "P1": [
      "P1",
      "GTR"
    ],
    "Sabre": [],
    "Senna": [
      "Senna",
      "GTR",
      "Can-Am"
    ],
    "Speedtail": [
      "Speedtail",
      "Unfortunately",
      "as of my last update",
      "there are no other popular variants of the McLaren Speedtail available in the Cypriot or British markets."
    ]
  }
}