{
  "Mercedes-Benz": {
    "190": [
      "190",
      "190 D 2.2/190 E 2.3",
      "190D 2.5",
      "190D 2.5 Turbo",
      "190E",
      "190E 2.3",
      "190E 2.3-16",
      "190E 2.6",
      "190D",
      "190D 2.0",
      "190E 2.0",
      "190E 2.3-8",
      "190E 2.5-16"
    ],
    "200": [
      "200E",
      "200D",
      "200K",
      "200CDI"
    ],
    "230": [
      "230CE",
      "230E",
      "230TE",
      "230SE",
      "230SL"
    ],
    "260": [],
    "300": [
      "300CE",
      "300D",
      "300D 2.5 Turbo",
      "300D/300CD",
      "300E",
      "300E 2.6",
      "300E 2.8",
      "300SD",
      "300SD/380SE",
      "300SDL",
      "300SE",
      "300SEL",
      "300SL",
      "300TD",
      "300TE",
      "300CE-24"
    ],
    "350": [
      "350SL"
    ],
    "380": [
      "380SE",
      "380SL",
      "380SEL",
      "380SEC"
    ],
    "400": [],
    "420": [
      "420SE",
      "420SEL"
    ],
    "500": [
      "500E",
      "500SE",
      "500SEC",
      "500SEL",
      "500SEL 5.0L",
      "500SL",
      "500CE"
    ],
    "560": [
      "560SEC",
      "560SEL",
      "560SL"
    ],
    "600": [
      "600SEL/SEC",
      "600SE",
      "600SE/SEC"
    ],
    "A-Class": [
      "A220",
      "AMG A35",
      "A180",
      "A200",
      "A250",
      "AMG A45 S"
    ],
    "AMG GT": [
      "AMG GT",
      "AMG GT 53 Plus",
      "AMG GT 55 Plus",
      "AMG GT 63 Plus",
      "AMG GT 63 S Plus",
      "AMG GT Black Series",
      "AMG GT C",
      "AMG GT R",
      "AMG GT S",
      "AMG GT 4-Door",
      "AMG GT 43 Plus 4-Door",
      "AMG GT 53 Plus 4-Door",
      "AMG GT 63 S Plus 4-Door"
    ],
    "B-Class Electric Drive": [
      "B-Class Electric Drive",
      "B250e",
      "B-Class B200"
    ],
    "C-Class": [
      "AMG C43",
      "AMG C63",
      "AMG C63 S",
      "C220",
      "C230",
      "C230 Kompressor",
      "C230 Kompressor Sports",
      "C240",
      "C250",
      "C280",
      "C300",
      "C32 AMG",
      "C320",
      "C320 Sports",
      "C350",
      "C350e",
      "C36 AMG",
      "C400",
      "C43",
      "C43 AMG",
      "C450 AMG",
      "C63 AMG",
      "C63 AMG Black Series",
      "C180",
      "C180 Kompressor",
      "C200",
      "C200 Kompressor",
      "C200 CDI",
      "C220 CDI",
      "C250 CDI",
      "C220 BlueTEC",
      "C250 BlueTEC",
      "C350 BlueTEC",
      "C450 AMG Sport"
    ],
    "CL-Class": [
      "CL500",
      "CL55 AMG",
      "CL550",
      "CL600",
      "CL63 AMG",
      "CL65 AMG",
      "CL560",
      "CL63 AMG S",
      "CLS550 AMG Line"
    ],
    "CLA-Class": [
      "AMG CLA35",
      "AMG CLA45",
      "AMG CLA45 S",
      "CLA250",
      "CLA45 AMG",
      "CLA180",
      "CLA200",
      "CLA220",
      "CLA250e Plug-In Hybrid"
    ],
    "CLE-Class": [
      "CLE63 AMG"
    ],
    "CLK-Class": [
      "CLK320",
      "CLK350",
      "CLK430",
      "CLK500",
      "CLK55 AMG",
      "CLK550",
      "CLK63 AMG",
      "CLK200",
      "CLK240",
      "CLK270 CDI"
    ],
    "CLS-Class": [
      "AMG CLS53 Plus",
      "AMG CLS63 S",
      "CLS400",
      "CLS450",
      "CLS500",
      "CLS55 AMG",
      "CLS550",
      "CLS63 AMG",
      "CLS63 AMG S",
      "CLS220d",
      "CLS250d",
      "CLS350",
      "CLS350d"
    ],
    "E-Class": [
      "AMG E43",
      "AMG E53 Plus",
      "AMG E63",
      "AMG E63 S",
      "AMG E63 S Plus",
      "AMG E63 S Plus (SW)",
      "E300",
      "E320",
      "E320 Bluetec",
      "E320 Cdi",
      "E350",
      "E400",
      "E400 (station",
      "E400 Hybrid",
      "E430",
      "E450",
      "E450 (station",
      "E450 All-Terrain",
      "E500",
      "E55 AMG",
      "E550",
      "E63 AMG",
      "E63 AMG S",
      "E220",
      "E220d"
    ],
    "EQB": [],
    "EQE": [],
    "EQS": [
      "EQS 450",
      "EQS 450 Plus",
      "EQS 580"
    ],
    "G-Class": [
      "AMG G 63 4x4 Squared",
      "AMG G63",
      "AMG G63 4x4 Squared",
      "AMG G65",
      "G500",
      "G55 AMG",
      "G550",
      "G550 4x4",
      "G550 4x4 (Special Off-Road Model)",
      "G63 AMG",
      "G350d",
      "G400d",
      "G500 4x4 Squared"
    ],
    "GL-Class": [
      "AMG GL63",
      "GL320 CDI",
      "GL450",
      "GL550",
      "GL63 AMG",
      "GL350 CDI",
      "GL500"
    ],
    "GLA-Class": [
      "AMG GLA35",
      "AMG GLA45",
      "GLA250",
      "GLA45 AMG",
      "GLA200",
      "GLA220"
    ],
    "GLB-Class": [
      "AMG GLB35",
      "GLB250",
      "GLB200"
    ],
    "GLC-Class": [
      "AMG GLC43",
      "AMG GLC63",
      "AMG GLC63 Plus",
      "AMG GLC63 S",
      "AMG GLC63 S Plus",
      "GLC300",
      "GLC350e",
      "GLC220d",
      "GLC250"
    ],
    "GLE-Class": [
      "AMG GLE43",
      "AMG GLE53 Plus",
      "AMG GLE63",
      "AMG GLE63 S",
      "AMG GLE63 S Plus",
      "GLE300 d",
      "GLE350",
      "GLE350 d",
      "GLE400",
      "GLE450",
      "GLE450 AMG",
      "GLE550e",
      "GLE350e",
      "GLE400 d",
      "GLE500",
      "GLE63 AMG",
      "GLE63"
    ],
    "GLK-Class": [
      "GLK350"
    ],
    "GLS-Class": [
      "AMG GLS63",
      "AMG GLS63 Plus",
      "GLS450",
      "GLS550",
      "GLS580",
      "GLS600 Maybach",
      "GLS350d",
      "GLS400d"
    ],
    "ML-Class": [
      "ML250 Bluetec",
      "ML320",
      "ML320 CDI",
      "ML350",
      "ML400",
      "ML430",
      "ML500",
      "ML55",
      "ML55 AMG",
      "ML550",
      "ML63 AMG",
      "ML270 CDI",
      "ML280 CDI",
      "ML270",
      "ML350 CDI",
      "ML550 BlueTec",
      "ML400 BlueTec",
      "ML450 Hybrid",
      "ML63 S AMG"
    ],
    "Maybach": [
      "Maybach S 600",
      "Maybach S550",
      "Maybach S600",
      "Maybach S560"
    ],
    "Metris Cargo": [
      "Metris (Cargo",
      "Metris (Cargo LWB)",
      "Metris (Passenger",
      "Metris (Crew",
      "Metris (Tourer)"
    ],
    "Metris Passenger": [
      "Metris (Passenger",
      "Metris Tourer"
    ],
    "R-Class": [],
    "S-Class": [
      "AMG S63",
      "AMG S63 Plus",
      "AMG S65",
      "Maybach S560",
      "Maybach S650",
      "Maybach S680",
      "S320",
      "S350",
      "S350D",
      "S400 Hybrid",
      "S430",
      "S450",
      "S500",
      "S55 AMG",
      "S550",
      "S550e",
      "S560",
      "S560 Maybach",
      "S560e",
      "S580",
      "S580 Maybach",
      "S580e",
      "S600",
      "S63 AMG",
      "S65 AMG",
      "S400"
    ],
    "SL-Class": [
      "AMG SL63",
      "AMG SL63 Plus",
      "AMG SL65",
      "SL320",
      "SL400",
      "SL450",
      "SL500",
      "SL55 AMG",
      "SL550",
      "SL600",
      "SL63 AMG",
      "SL65 AMG",
      "SL280",
      "SL350",
      "SL560"
    ],
    "SLC-Class": [
      "AMG SLC43",
      "SLC300",
      "SLC200",
      "SLC250"
    ],
    "SLK-Class": [
      "AMG SLK55",
      "SLK230",
      "SLK230 Kompressor",
      "SLK250",
      "SLK280",
      "SLK300",
      "SLK32 AMG",
      "SLK320",
      "SLK350",
      "SLK55 AMG",
      "SLK200"
    ],
    "SLR": [
      "SLR",
      "SLR McLaren",
      "SLR 722 Edition"
    ],
    "SLS AMG": [
      "SLS AMG",
      "SLS AMG Black Series",
      "SLS AMG GT"
    ]
  }
}