{
  "Mitsubishi": {
    "3000 GT": [
      "3000 GT",
      "VR-4",
      "GTO",
      "Twin Turbo"
    ],
    "3000 GT Spyder": [],
    "Cordia": [],
    "Diamante": [],
    "Eclipse": [
      "Eclipse",
      "Eclipse Spyder",
      "Cross"
    ],
    "Eclipse Cross": [
      "Eclipse Cross 2WD",
      "Eclipse Cross",
      "Eclipse Cross ES 2WD",
      "Eclipse Cross ES",
      "Eclipse Cross SE 2WD",
      "Eclipse Cross SE",
      "Eclipse Cross SEL 2WD",
      "Eclipse Cross SEL"
    ],
    "Endeavor": [],
    "Expo": [],
    "Galant": [
      "Galant",
      "Galant Sigma"
    ],
    "Lancer": [
      "Lancer",
      "Lancer Evolution",
      "Lancer Ralliart",
      "Lancer GT",
      "Lancer EX",
      "Lancer SE"
    ],
    "Mirage": [
      "Mirage",
      "Mirage G4",
      "Outlander",
      "Eclipse Cross"
    ],
    "Montero": [
      "Montero",
      "Sport",
      "Pajero",
      "Shogun"
    ],
    "Montero Sport": [
      "Montero Sport GLS"
    ],
    "Nativa": [],
    "Outlander": [
      "Outlander 2WD",
      "Outlander",
      "Outlander PHEV",
      "Outlander Sport 2WD",
      "Outlander Sport",
      "Outlander Black Edition",
      "Outlander Exceed",
      "Outlander Dynamic",
      "Outlander Design",
      "Outlander Juro"
    ],
    "Precis": [
      "1. Mitsubishi Colt"
    ],
    "Raider Pickup": [],
    "Sigma": [],
    "Space Wagon": [
      "Space"
    ],
    "Starion": [
      "Starion"
    ],
    "Tredia": [],
    "Truck": [
      "Some other popular variants of the Mitsubishi that are commonly available in the Cypriot market and/or the British market and are missing from the list are Pickup",
      "L200",
      "Barbarian"
    ],
    "Van": [
      "1. Mitsubishi L300 2. Mitsubishi Delica 3. Mitsubishi Express 4. Mitsubishi Space Gear"
    ],
    "Wagon": [
      "Space"
    ],
    "i-MiEV": [
      "i-MiEV"
    ]
  }
}