{
  "Rolls Royce": {
    "Azure": [
      "Azure",
      "Silver Azure"
    ],
    "Brooklands/Turbo R": [
      "Brooklands",
      "Brooklands and (LWB)",
      "Brooklands/Brklnds L",
      "Turbo R",
      "Turbo R/Rl Bklds Turbo/LWB",
      "Turbo R/Turbo R(lwb)",
      "Turbo R/Turbo Rl",
      "Silver Spirit",
      "Silver Spur",
      "Corniche",
      "Corniche II",
      "Corniche III",
      "Corniche IV",
      "Continental R",
      "Continental T"
    ],
    "Camargue": [
      "Camargue",
      "Silver Spirit",
      "Silver Shadow"
    ],
    "Corniche/Continental": [
      "Continental",
      "Continental (turbo)",
      "Continental R",
      "Continental T",
      "Corniche",
      "Corniche II",
      "Corniche II/Continental",
      "Corniche III",
      "Corniche IV",
      "Corniche S",
      "Corniche/Continental",
      "Corniche V",
      "Corniche VI",
      "Corniche VII",
      "Corniche VIII",
      "Corniche IX",
      "Corniche X"
    ],
    "Cullinan": [
      "Cullinan",
      "Cullinan Black Badge"
    ],
    "Dawn": [
      "Dawn",
      "Dawn Black Badge"
    ],
    "Eight/Mulsan/Mulsanne": [
      "Eight/Mulsan",
      "Eight/Mulsanne S",
      "Eight/Mulsanne S and S",
      "Silver Spirit",
      "Silver Spur",
      "Phantom"
    ],
    "Flying Spur": [],
    "Ghost": [
      "Ghost",
      "Ghost Black Badge",
      "Ghost EWB",
      "Ghost Extended",
      "Black Badge EWB",
      "Black Badge Extended"
    ],
    "Limousine": [
      "Limousine",
      "Phantom",
      "Ghost",
      "Cullinan"
    ],
    "Park Ward": [
      "Park Ward",
      "Silver Shadow",
      "Silver Spirit",
      "Silver Spur",
      "Silver Seraph",
      "Phantom",
      "Ghost",
      "Wraith"
    ],
    "Phantom": [
      "Phantom",
      "Phantom Drophead",
      "Phantom EWB",
      "Phantom Extended",
      "Phantom Black Badge",
      "Phantom Tranquillity",
      "Phantom Tempus Collection"
    ],
    "Silver Dawn": [
      "Silver Dawn",
      "Black Badge",
      "EWB (Extended Wheelbase)"
    ],
    "Silver Seraph": [
      "Silver Seraph"
    ],
    "Silver Spirit II/Silver Spur": [
      "Silver Spirit II/Silver Spur"
    ],
    "Silver Spirit III/Spur III": [
      "Silver Spirit III/Spur III",
      "1. Silver Spirit II/Spur II 2. Silver Spirit 3. Silver Spur 4. Silver Dawn 5. Silver Seraph"
    ],
    "Silver Spirit/Silver Spur": [
      "Silver Spirit/Silver Spur",
      "Silver Spirit II",
      "Silver Spur II",
      "Silver Spirit III",
      "Silver Spur III",
      "Silver Spirit IV",
      "Silver Spur IV",
      "Silver Spirit V",
      "Silver Spur V"
    ],
    "Silver Spirit/Spur/Mulsanne": [
      "Silver Spirit/Spur/Mulsanne",
      "- Silver Dawn - Silver Seraph - Silver Wraith"
    ],
    "Silver Spur": [
      "Silver Spur",
      "Silver Spur II",
      "Silver Spur III"
    ],
    "Silver Spur II Mpw Touring L": [],
    "Silver Spur III Limousine": [
      "Silver Spur III Limousine"
    ],
    "Silver Spur Limousine": [
      "Silver Spur Limousine",
      "Silver Spur Park Ward Limousine"
    ],
    "Silver Spur Park Ward": [
      "Silver Spur Park Ward"
    ],
    "Silver Spur/Silver Dawn": [
      "Silver Spur/Silver Dawn",
      "1. Silver Spirit 2. Silver Shadow 3. Silver Cloud 4. Phantom"
    ],
    "Spectre": [],
    "Spirit III/Spur III/Dawn": [
      "Spirit III/Spur III/Dawn",
      "Ghost",
      "Wraith"
    ],
    "Wraith": [
      "Wraith",
      "Wraith Black Badge",
      "Dawn",
      "Ghost",
      "Phantom"
    ]
  }
}