{
  "Suzuki": {
    "Aerio": [],
    "Equator": [],
    "Esteem": [],
    "Forenza": [],
    "Forsa": [],
    "Grand Vitara": [
      "Grand Vitara",
      "Grand Vitara 4Door 2WD",
      "Grand Vitara 4Door",
      "Grand Vitara XL7"
    ],
    "Kizashi": [],
    "Reno": [],
    "SA 310": [],
    "SJ 410": [
      "SJ 410",
      "Some other popular variants of the Suzuki SJ 410 commonly available in the Cypriot and British markets are SJ 410 Soft Top"
    ],
    "SW": [],
    "SX4": [
      "SX4",
      "SX4 Sport",
      "SX4 Sport/Anniversary Edition",
      "SX4 Crossover",
      "SX4 S-Cross"
    ],
    "Samurai": [
      "Samurai",
      "Samurai Hardtop"
    ],
    "Sidekick": [
      "Sidekick 2WD",
      "Some other popular variants of the Suzuki Sidekick that are commonly available in the Cypriot market and/or the British market and are missing from this list include: Sidekick JLX"
    ],
    "Swift": [
      "Swift",
      "Swift GA",
      "Swift GT",
      "Swift GTI",
      "Swift x",
      "Sport",
      "Hybrid",
      "RS",
      "SZ3",
      "SZ4"
    ],
    "Verona": [],
    "Vitara": [
      "Vitara 2Door 2WD",
      "Vitara 2Door",
      "Vitara 4 Door",
      "Vitara 4Door",
      "Vitara 4Door 2WD",
      "Vitara S",
      "Vitara AllGrip",
      "Vitara SZ4",
      "Vitara SZ-T",
      "Vitara SZ5"
    ],
    "X-90": [],
    "XL7": []
  }
}