{
  "Tesla": {
    "Model 3": [
      "Model 3 Long Range",
      "Model 3 Long Range Performance",
      "Model 3 Long Range Performance (18in)",
      "Model 3 Long Range Performance (19in)",
      "Model 3 Long Range Performance (20in)",
      "Model 3 Mid Range",
      "Model 3 Performance",
      "Model 3",
      "Model 3 Standard Range",
      "Model 3 Standard Range Plus"
    ],
    "Model S": [
      "Model S",
      "Model S (60 kW-hr battery pack)",
      "Model S (70 kW-hr battery pack)",
      "Model S (75 kW-hr battery pack)",
      "Model S (85 kW-hr battery pack)",
      "Model S (90 kW-hr battery pack)",
      "Model S 100D",
      "Model S 75D",
      "Model S 75kWh",
      "Model S - 100D",
      "Model S - 60D",
      "Model S - 70D",
      "Model S - 75D",
      "Model S - 85D",
      "Model S - 90D",
      "Model S - P100D",
      "Model S - P85D",
      "Model S - P90D",
      "Model S Long Range",
      "Model S Long Range Plus",
      "Model S P100D",
      "Model S Performance (19in Wheels)",
      "Model S Performance (21in Wheels)",
      "Model S Plaid (19 inch wheels)",
      "Model S Plaid (19in wheels)",
      "Model S Plaid (21 inch wheels)",
      "Model S Plaid (21in wheels)",
      "Model S Plaid (21inch wheels)",
      "Model S Standard Range",
      "Model S 70D",
      "Model S 85D",
      "Model S 90D",
      "Model S P85D"
    ],
    "Model X": [
      "Model X",
      "Model X 100D",
      "Model X 75D",
      "Model X - 100D",
      "Model X - 60D",
      "Model X - 75D",
      "Model X - 90D",
      "Model X - P100D",
      "Model X - P90D",
      "Model X Long Range",
      "Model X Long Range Plus",
      "Model X P100D",
      "Model X Performance (20in Wheels)",
      "Model X Performance (22in Wheels)",
      "Model X 90D",
      "Model X P90D"
    ],
    "Model Y": [
      "Model Y",
      "Model Y Long Range",
      "Model Y Performance",
      "Model Y Performance (21in Wheels)"
    ]
  }
}